timeStamp,elapsed,label,responseCode,responseMessage,threadName,dataType,success,failureMessage,bytes,sentBytes,grpThreads,allThreads,URL,Latency,IdleTime,Connect
1710340298297,3687,Create Account,200,OK,Thread Group 1-18,text,true,,277,441,100,100,http://20.45.152.9:5050/api/users/signup,3687,0,294
1710340298285,3778,Create Account,200,OK,Thread Group 1-3,text,true,,277,441,100,100,http://20.45.152.9:5050/api/users/signup,3778,0,324
1710340298292,3809,Create Account,200,OK,Thread Group 1-12,text,true,,277,441,100,100,http://20.45.152.9:5050/api/users/signup,3809,0,317
1710340298329,3932,Create Account,200,OK,Thread Group 1-54,text,true,,277,441,100,100,http://20.45.152.9:5050/api/users/signup,3932,0,294
1710340298287,4002,Create Account,200,OK,Thread Group 1-6,text,true,,277,441,100,100,http://20.45.152.9:5050/api/users/signup,4002,0,291
1710340298319,4020,Create Account,200,OK,Thread Group 1-43,text,true,,277,441,100,100,http://20.45.152.9:5050/api/users/signup,4020,0,290
1710340298301,4076,Create Account,200,OK,Thread Group 1-16,text,true,,277,441,100,100,http://20.45.152.9:5050/api/users/signup,4076,0,308
1710340298351,4067,Create Account,200,OK,Thread Group 1-83,text,true,,277,441,100,100,http://20.45.152.9:5050/api/users/signup,4067,0,291
1710340298316,4165,Create Account,200,OK,Thread Group 1-29,text,true,,277,441,100,100,http://20.45.152.9:5050/api/users/signup,4165,0,293
1710340298303,4242,Create Account,200,OK,Thread Group 1-10,text,true,,277,441,100,100,http://20.45.152.9:5050/api/users/signup,4242,0,301
1710340298298,4247,Create Account,200,OK,Thread Group 1-19,text,true,,277,441,100,100,http://20.45.152.9:5050/api/users/signup,4247,0,314
1710340298311,4242,Create Account,200,OK,Thread Group 1-20,text,true,,277,441,100,100,http://20.45.152.9:5050/api/users/signup,4242,0,300
1710340298285,4302,Create Account,200,OK,Thread Group 1-2,text,true,,277,441,100,100,http://20.45.152.9:5050/api/users/signup,4302,0,327
1710340298364,4225,Create Account,200,OK,Thread Group 1-96,text,true,,277,441,100,100,http://20.45.152.9:5050/api/users/signup,4225,0,287
1710340298364,4255,Create Account,200,OK,Thread Group 1-39,text,true,,277,441,100,100,http://20.45.152.9:5050/api/users/signup,4255,0,295
1710340301985,635,go to website,200,OK,Thread Group 1-18,text,true,,715,281,100,100,http://timetuna.com/,635,0,345
1710340302063,582,go to website,200,OK,Thread Group 1-3,text,true,,715,281,100,100,http://timetuna.com/,582,0,290
1710340298376,4283,Create Account,200,OK,Thread Group 1-79,text,true,,277,441,100,100,http://20.45.152.9:5050/api/users/signup,4283,0,289
1710340298291,4372,Create Account,200,OK,Thread Group 1-8,text,true,,277,441,100,100,http://20.45.152.9:5050/api/users/signup,4372,0,322
1710340298307,4356,Create Account,200,OK,Thread Group 1-15,text,true,,277,441,100,100,http://20.45.152.9:5050/api/users/signup,4356,0,306
1710340302102,577,go to website,200,OK,Thread Group 1-12,text,true,,715,281,100,100,http://timetuna.com/,577,0,288
1710340298376,4315,Create Account,200,OK,Thread Group 1-51,text,true,,277,441,100,100,http://20.45.152.9:5050/api/users/signup,4314,0,289
1710340298324,4429,Create Account,200,OK,Thread Group 1-49,text,true,,277,441,100,100,http://20.45.152.9:5050/api/users/signup,4429,0,290
1710340298328,4490,Create Account,200,OK,Thread Group 1-55,text,true,,277,441,100,100,http://20.45.152.9:5050/api/users/signup,4490,0,291
1710340298376,4443,Create Account,200,OK,Thread Group 1-66,text,true,,277,441,100,100,http://20.45.152.9:5050/api/users/signup,4443,0,293
1710340298334,4496,Create Account,200,OK,Thread Group 1-61,text,true,,277,441,100,100,http://20.45.152.9:5050/api/users/signup,4496,0,297
1710340302262,591,go to website,200,OK,Thread Group 1-54,text,true,,715,281,100,100,http://timetuna.com/,591,0,293
1710340298374,4494,Create Account,200,OK,Thread Group 1-95,text,true,,277,441,100,100,http://20.45.152.9:5050/api/users/signup,4494,0,297
1710340302290,585,go to website,200,OK,Thread Group 1-6,text,true,,715,281,100,100,http://timetuna.com/,585,0,291
1710340298385,4514,Create Account,200,OK,Thread Group 1-58,text,true,,277,441,100,100,http://20.45.152.9:5050/api/users/signup,4513,0,292
1710340302620,291,create account page,200,OK,Thread Group 1-18,text,true,,715,287,100,100,http://timetuna.com/signup,291,0,0
1710340302340,590,go to website,200,OK,Thread Group 1-43,text,true,,715,281,100,100,http://timetuna.com/,590,0,294
1710340298401,4538,Create Account,200,OK,Thread Group 1-86,text,true,,277,441,100,100,http://20.45.152.9:5050/api/users/signup,4538,0,295
1710340302645,294,create account page,200,OK,Thread Group 1-3,text,true,,715,287,100,100,http://timetuna.com/signup,294,0,0
1710340298305,4643,Create Account,200,OK,Thread Group 1-17,text,true,,277,441,100,100,http://20.45.152.9:5050/api/users/signup,4643,0,299
1710340298349,4599,Create Account,200,OK,Thread Group 1-84,text,true,,277,441,100,100,http://20.45.152.9:5050/api/users/signup,4599,0,290
1710340298399,4569,Create Account,200,OK,Thread Group 1-80,text,true,,277,441,100,100,http://20.45.152.9:5050/api/users/signup,4569,0,297
1710340302378,590,go to website,200,OK,Thread Group 1-16,text,true,,715,281,100,100,http://timetuna.com/,590,0,293
1710340302680,290,create account page,200,OK,Thread Group 1-12,text,true,,715,287,100,100,http://timetuna.com/signup,290,0,0
1710340302419,587,go to website,200,OK,Thread Group 1-83,text,true,,715,281,100,100,http://timetuna.com/,587,0,292
1710340298347,4687,Create Account,200,OK,Thread Group 1-78,text,true,,277,441,100,100,http://20.45.152.9:5050/api/users/signup,4687,0,295
1710340302482,589,go to website,200,OK,Thread Group 1-29,text,true,,715,281,100,100,http://timetuna.com/,589,0,293
1710340298314,4778,Create Account,200,OK,Thread Group 1-35,text,true,,277,441,100,100,http://20.45.152.9:5050/api/users/signup,4778,0,293
1710340298409,4690,Create Account,200,OK,Thread Group 1-98,text,true,,277,441,100,100,http://20.45.152.9:5050/api/users/signup,4690,0,293
1710340298366,4735,Create Account,200,OK,Thread Group 1-97,text,true,,277,441,100,100,http://20.45.152.9:5050/api/users/signup,4735,0,290
1710340302546,576,go to website,200,OK,Thread Group 1-19,text,true,,715,281,100,100,http://timetuna.com/,576,0,288
1710340302546,588,go to website,200,OK,Thread Group 1-10,text,true,,715,281,100,100,http://timetuna.com/,588,0,293
1710340302554,586,go to website,200,OK,Thread Group 1-20,text,true,,715,281,100,100,http://timetuna.com/,586,0,292
1710340302853,294,create account page,200,OK,Thread Group 1-54,text,true,,715,287,100,100,http://timetuna.com/signup,294,0,0
1710340298340,4807,Create Account,200,OK,Thread Group 1-72,text,true,,277,441,100,100,http://20.45.152.9:5050/api/users/signup,4807,0,293
1710340298363,4792,Create Account,200,OK,Thread Group 1-91,text,true,,277,441,100,100,http://20.45.152.9:5050/api/users/signup,4792,0,293
1710340298287,4870,Create Account,200,OK,Thread Group 1-1,text,true,,277,441,100,100,http://20.45.152.9:5050/api/users/signup,4870,0,297
1710340302875,292,create account page,200,OK,Thread Group 1-6,text,true,,715,287,100,100,http://timetuna.com/signup,292,0,0
1710340302588,585,go to website,200,OK,Thread Group 1-2,text,true,,715,281,100,100,http://timetuna.com/,584,0,292
1710340298356,4818,Create Account,200,OK,Thread Group 1-89,text,true,,277,441,100,100,http://20.45.152.9:5050/api/users/signup,4818,0,293
1710340302589,587,go to website,200,OK,Thread Group 1-96,text,true,,715,281,100,100,http://timetuna.com/,586,0,293
1710340302620,579,go to website,200,OK,Thread Group 1-39,text,true,,715,281,100,100,http://timetuna.com/,578,0,289
1710340302911,289,Back to homepage,200,OK,Thread Group 1-18,text,true,,715,281,100,100,http://timetuna.com/,289,0,0
1710340298370,4851,Create Account,200,OK,Thread Group 1-45,text,true,,277,441,100,100,http://20.45.152.9:5050/api/users/signup,4851,0,293
1710340298364,4857,Create Account,200,OK,Thread Group 1-44,text,true,,277,441,100,100,http://20.45.152.9:5050/api/users/signup,4857,0,295
1710340302930,297,create account page,200,OK,Thread Group 1-43,text,true,,715,287,100,100,http://timetuna.com/signup,297,0,0
1710340302940,293,Back to homepage,200,OK,Thread Group 1-3,text,true,,715,281,100,100,http://timetuna.com/,293,0,0
1710340302660,587,go to website,200,OK,Thread Group 1-79,text,true,,715,281,100,100,http://timetuna.com/,587,0,293
1710340302664,589,go to website,200,OK,Thread Group 1-8,text,true,,715,281,100,100,http://timetuna.com/,589,0,290
1710340302664,589,go to website,200,OK,Thread Group 1-15,text,true,,715,281,100,100,http://timetuna.com/,589,0,296
1710340302970,289,Back to homepage,200,OK,Thread Group 1-12,text,true,,715,281,100,100,http://timetuna.com/,289,0,0
1710340302969,293,create account page,200,OK,Thread Group 1-16,text,true,,715,287,100,100,http://timetuna.com/signup,293,0,0
1710340302691,577,go to website,200,OK,Thread Group 1-51,text,true,,715,281,100,100,http://timetuna.com/,577,0,288
1710340303006,293,create account page,200,OK,Thread Group 1-83,text,true,,715,287,100,100,http://timetuna.com/signup,293,0,0
1710340298374,4930,Create Account,200,OK,Thread Group 1-71,text,true,,277,441,100,100,http://20.45.152.9:5050/api/users/signup,4930,0,290
1710340302754,586,go to website,200,OK,Thread Group 1-49,text,true,,715,281,100,100,http://timetuna.com/,586,0,294
1710340298293,5061,Create Account,200,OK,Thread Group 1-13,text,true,,277,441,100,100,http://20.45.152.9:5050/api/users/signup,5061,0,297
1710340303071,295,create account page,200,OK,Thread Group 1-29,text,true,,715,287,100,100,http://timetuna.com/signup,295,0,0
1710340298308,5064,Create Account,200,OK,Thread Group 1-25,text,true,,277,441,100,100,http://20.45.152.9:5050/api/users/signup,5064,0,296
1710340298377,4995,Create Account,200,OK,Thread Group 1-52,text,true,,277,441,100,100,http://20.45.152.9:5050/api/users/signup,4995,0,294
1710340298303,5078,Create Account,200,OK,Thread Group 1-24,text,true,,277,441,100,100,http://20.45.152.9:5050/api/users/signup,5078,0,301
1710340298376,5007,Create Account,200,OK,Thread Group 1-50,text,true,,277,441,100,100,http://20.45.152.9:5050/api/users/signup,5007,0,295
1710340302820,578,go to website,200,OK,Thread Group 1-66,text,true,,715,281,100,100,http://timetuna.com/,578,0,289
1710340302819,585,go to website,200,OK,Thread Group 1-55,text,true,,715,281,100,100,http://timetuna.com/,585,0,293
1710340302831,578,go to website,200,OK,Thread Group 1-61,text,true,,715,281,100,100,http://timetuna.com/,578,0,289
1710340303123,288,create account page,200,OK,Thread Group 1-19,text,true,,715,287,100,100,http://timetuna.com/signup,288,0,0
1710340303134,294,create account page,200,OK,Thread Group 1-10,text,true,,715,287,100,100,http://timetuna.com/signup,294,0,0
1710340298312,5120,Create Account,200,OK,Thread Group 1-30,text,true,,277,441,100,100,http://20.45.152.9:5050/api/users/signup,5120,0,293
1710340303141,292,create account page,200,OK,Thread Group 1-20,text,true,,715,287,100,100,http://timetuna.com/signup,292,0,0
1710340298289,5146,Create Account,200,OK,Thread Group 1-4,text,true,,277,441,100,100,http://20.45.152.9:5050/api/users/signup,5146,0,320
1710340298387,5052,Create Account,200,OK,Thread Group 1-62,text,true,,277,441,100,100,http://20.45.152.9:5050/api/users/signup,5052,0,294
1710340303147,294,Back to homepage,200,OK,Thread Group 1-54,text,true,,715,281,100,100,http://timetuna.com/,294,0,0
1710340302869,577,go to website,200,OK,Thread Group 1-95,text,true,,715,281,100,100,http://timetuna.com/,577,0,288
1710340303168,291,Back to homepage,200,OK,Thread Group 1-6,text,true,,715,281,100,100,http://timetuna.com/,291,0,0
1710340303173,292,create account page,200,OK,Thread Group 1-2,text,true,,715,287,100,100,http://timetuna.com/signup,292,0,0
1710340303176,294,create account page,200,OK,Thread Group 1-96,text,true,,715,287,100,100,http://timetuna.com/signup,293,0,0
1710340302900,578,go to website,200,OK,Thread Group 1-58,text,true,,715,281,100,100,http://timetuna.com/,578,0,288
1710340303199,289,create account page,200,OK,Thread Group 1-39,text,true,,715,287,100,100,http://timetuna.com/signup,289,0,0
1710340303201,289,Go to calendar page,200,OK,Thread Group 1-18,text,true,,715,289,100,100,http://timetuna.com/calendar,289,0,0
1710340298392,5099,Create Account,200,OK,Thread Group 1-68,text,true,,277,441,100,100,http://20.45.152.9:5050/api/users/signup,5099,0,288
1710340298400,5096,Create Account,200,OK,Thread Group 1-81,text,true,,277,441,100,100,http://20.45.152.9:5050/api/users/signup,5096,0,296
1710340298321,5194,Create Account,200,OK,Thread Group 1-48,text,true,,277,441,100,100,http://20.45.152.9:5050/api/users/signup,5194,0,292
1710340303227,293,Back to homepage,200,OK,Thread Group 1-43,text,true,,715,281,100,100,http://timetuna.com/,293,0,0
1710340303234,289,Go to calendar page,200,OK,Thread Group 1-3,text,true,,715,289,100,100,http://timetuna.com/calendar,289,0,0
1710340302940,589,go to website,200,OK,Thread Group 1-86,text,true,,715,281,100,100,http://timetuna.com/,589,0,297
1710340302949,587,go to website,200,OK,Thread Group 1-17,text,true,,715,281,100,100,http://timetuna.com/,587,0,294
1710340302949,587,go to website,200,OK,Thread Group 1-84,text,true,,715,281,100,100,http://timetuna.com/,587,0,294
1710340303247,293,create account page,200,OK,Thread Group 1-79,text,true,,715,287,100,100,http://timetuna.com/signup,293,0,0
1710340303254,289,create account page,200,OK,Thread Group 1-8,text,true,,715,287,100,100,http://timetuna.com/signup,289,0,0
1710340303254,291,create account page,200,OK,Thread Group 1-15,text,true,,715,287,100,100,http://timetuna.com/signup,291,0,0
1710340303261,288,Go to calendar page,200,OK,Thread Group 1-12,text,true,,715,289,100,100,http://timetuna.com/calendar,288,0,0
1710340303262,294,Back to homepage,200,OK,Thread Group 1-16,text,true,,715,281,100,100,http://timetuna.com/,293,0,0
1710340302969,587,go to website,200,OK,Thread Group 1-80,text,true,,715,281,100,100,http://timetuna.com/,587,0,294
1710340303269,290,create account page,200,OK,Thread Group 1-51,text,true,,715,287,100,100,http://timetuna.com/signup,290,0,0
1710340298395,5188,Create Account,200,OK,Thread Group 1-69,text,true,,277,441,100,100,http://20.45.152.9:5050/api/users/signup,5188,0,301
1710340303299,293,Back to homepage,200,OK,Thread Group 1-83,text,true,,715,281,100,100,http://timetuna.com/,293,0,0
1710340303035,578,go to website,200,OK,Thread Group 1-78,text,true,,715,281,100,100,http://timetuna.com/,578,0,288
1710340303341,292,create account page,200,OK,Thread Group 1-49,text,true,,715,287,100,100,http://timetuna.com/signup,292,0,0
1710340298409,5236,Create Account,200,OK,Thread Group 1-94,text,true,,277,441,100,100,http://20.45.152.9:5050/api/users/signup,5236,0,288
1710340298316,5338,Create Account,200,OK,Thread Group 1-37,text,true,,277,441,100,100,http://20.45.152.9:5050/api/users/signup,5338,0,295
1710340298290,5366,Create Account,200,OK,Thread Group 1-7,text,true,,277,441,100,100,http://20.45.152.9:5050/api/users/signup,5366,0,295
1710340303366,295,Back to homepage,200,OK,Thread Group 1-29,text,true,,715,281,100,100,http://timetuna.com/,295,0,0
1710340298396,5267,Create Account,200,OK,Thread Group 1-75,text,true,,277,441,100,100,http://20.45.152.9:5050/api/users/signup,5267,0,300
1710340303099,579,go to website,200,OK,Thread Group 1-98,text,true,,715,281,100,100,http://timetuna.com/,579,0,289
1710340303092,586,go to website,200,OK,Thread Group 1-35,text,true,,715,281,100,100,http://timetuna.com/,586,0,294
1710340298336,5348,Create Account,200,OK,Thread Group 1-65,text,true,,277,441,100,100,http://20.45.152.9:5050/api/users/signup,5348,0,295
1710340303398,288,create account page,200,OK,Thread Group 1-66,text,true,,715,287,100,100,http://timetuna.com/signup,288,0,0
1710340303102,587,go to website,200,OK,Thread Group 1-97,text,true,,715,281,100,100,http://timetuna.com/,587,0,294
1710340303404,291,create account page,200,OK,Thread Group 1-55,text,true,,715,287,100,100,http://timetuna.com/signup,291,0,0
1710340303409,289,create account page,200,OK,Thread Group 1-61,text,true,,715,287,100,100,http://timetuna.com/signup,289,0,0
1710340303411,288,Back to homepage,200,OK,Thread Group 1-19,text,true,,715,281,100,100,http://timetuna.com/,288,0,0
1710340298293,5417,Create Account,200,OK,Thread Group 1-14,text,true,,277,441,100,100,http://20.45.152.9:5050/api/users/signup,5417,0,320
1710340298303,5413,Create Account,200,OK,Thread Group 1-11,text,true,,277,441,100,100,http://20.45.152.9:5050/api/users/signup,5413,0,310
1710340298401,5318,Create Account,200,OK,Thread Group 1-82,text,true,,277,441,100,100,http://20.45.152.9:5050/api/users/signup,5318,0,295
1710340303428,294,Back to homepage,200,OK,Thread Group 1-10,text,true,,715,281,100,100,http://timetuna.com/,294,0,0
1710340303433,293,Back to homepage,200,OK,Thread Group 1-20,text,true,,715,281,100,100,http://timetuna.com/,293,0,0
1710340303148,578,go to website,200,OK,Thread Group 1-72,text,true,,715,281,100,100,http://timetuna.com/,578,0,289
1710340303156,573,go to website,200,OK,Thread Group 1-91,text,true,,715,281,100,100,http://timetuna.com/,573,0,287
1710340303446,288,create account page,200,OK,Thread Group 1-95,text,true,,715,287,100,100,http://timetuna.com/signup,288,0,0
1710340303441,293,Go to calendar page,200,OK,Thread Group 1-54,text,true,,715,289,100,100,http://timetuna.com/calendar,293,0,0
1710340303158,585,go to website,200,OK,Thread Group 1-1,text,true,,715,281,100,100,http://timetuna.com/,585,0,292
1710340303175,575,go to website,200,OK,Thread Group 1-89,text,true,,715,281,100,100,http://timetuna.com/,575,0,288
1710340303459,292,Go to calendar page,200,OK,Thread Group 1-6,text,true,,715,289,100,100,http://timetuna.com/calendar,292,0,0
1710340303465,292,Back to homepage,200,OK,Thread Group 1-2,text,true,,715,281,100,100,http://timetuna.com/,292,0,0
1710340298300,5461,Create Account,200,OK,Thread Group 1-9,text,true,,277,441,100,100,http://20.45.152.9:5050/api/users/signup,5461,0,298
1710340303470,294,Back to homepage,200,OK,Thread Group 1-96,text,true,,715,281,100,100,http://timetuna.com/,294,0,0
1710340298342,5427,Create Account,200,OK,Thread Group 1-73,text,true,,277,441,100,100,http://20.45.152.9:5050/api/users/signup,5427,0,291
1710340298407,5362,Create Account,200,OK,Thread Group 1-92,text,true,,277,441,100,100,http://20.45.152.9:5050/api/users/signup,5362,0,289
1710340303478,291,create account page,200,OK,Thread Group 1-58,text,true,,715,287,100,100,http://timetuna.com/signup,291,0,0
1710340303489,290,Back to homepage,200,OK,Thread Group 1-39,text,true,,715,281,100,100,http://timetuna.com/,290,0,0
1710340303222,578,go to website,200,OK,Thread Group 1-45,text,true,,715,281,100,100,http://timetuna.com/,578,0,289
1710340303222,585,go to website,200,OK,Thread Group 1-44,text,true,,715,281,100,100,http://timetuna.com/,585,0,293
1710340303521,295,Go to calendar page,200,OK,Thread Group 1-43,text,true,,715,289,100,100,http://timetuna.com/calendar,295,0,0
1710340303530,292,create account page,200,OK,Thread Group 1-86,text,true,,715,287,100,100,http://timetuna.com/signup,292,0,0
1710340303537,293,create account page,200,OK,Thread Group 1-17,text,true,,715,287,100,100,http://timetuna.com/signup,293,0,0
1710340303537,293,create account page,200,OK,Thread Group 1-84,text,true,,715,287,100,100,http://timetuna.com/signup,293,0,0
1710340303543,288,Back to homepage,200,OK,Thread Group 1-8,text,true,,715,281,100,100,http://timetuna.com/,288,0,0
1710340303541,292,Back to homepage,200,OK,Thread Group 1-79,text,true,,715,281,100,100,http://timetuna.com/,292,0,0
1710340303545,291,Back to homepage,200,OK,Thread Group 1-15,text,true,,715,281,100,100,http://timetuna.com/,291,0,0
1710340303556,294,create account page,200,OK,Thread Group 1-80,text,true,,715,287,100,100,http://timetuna.com/signup,294,0,0
1710340303556,294,Go to calendar page,200,OK,Thread Group 1-16,text,true,,715,289,100,100,http://timetuna.com/calendar,294,0,0
1710340303560,290,Back to homepage,200,OK,Thread Group 1-51,text,true,,715,281,100,100,http://timetuna.com/,290,0,0
1710340298415,5441,Create Account,200,OK,Thread Group 1-100,text,true,,277,441,100,100,http://20.45.152.9:5050/api/users/signup,5441,0,289
1710340298356,5527,Create Account,200,OK,Thread Group 1-33,text,true,,277,441,100,100,http://20.45.152.9:5050/api/users/signup,5527,0,292
1710340303593,292,Go to calendar page,200,OK,Thread Group 1-83,text,true,,715,289,100,100,http://timetuna.com/calendar,292,0,0
1710340303305,588,go to website,200,OK,Thread Group 1-71,text,true,,715,281,100,100,http://timetuna.com/,588,0,294
1710340303613,289,create account page,200,OK,Thread Group 1-78,text,true,,715,287,100,100,http://timetuna.com/signup,289,0,0
1710340298325,5582,Create Account,200,OK,Thread Group 1-42,text,true,,277,441,100,100,http://20.45.152.9:5050/api/users/signup,5582,0,292
1710340298321,5591,Create Account,200,OK,Thread Group 1-47,text,true,,277,441,100,100,http://20.45.152.9:5050/api/users/signup,5591,0,295
1710340298403,5519,Create Account,200,OK,Thread Group 1-87,text,true,,277,441,100,100,http://20.45.152.9:5050/api/users/signup,5519,0,294
1710340303633,293,Back to homepage,200,OK,Thread Group 1-49,text,true,,715,281,100,100,http://timetuna.com/,293,0,0
1710340298332,5603,Create Account,200,OK,Thread Group 1-59,text,true,,277,441,100,100,http://20.45.152.9:5050/api/users/signup,5603,0,292
1710340298326,5609,Create Account,200,OK,Thread Group 1-53,text,true,,277,441,100,100,http://20.45.152.9:5050/api/users/signup,5609,0,293
1710340303354,585,go to website,200,OK,Thread Group 1-13,text,true,,715,281,100,100,http://timetuna.com/,585,0,297
1710340303373,577,go to website,200,OK,Thread Group 1-25,text,true,,715,281,100,100,http://timetuna.com/,577,0,289
1710340303662,293,Go to calendar page,200,OK,Thread Group 1-29,text,true,,715,289,100,100,http://timetuna.com/calendar,293,0,0
1710340303373,587,go to website,200,OK,Thread Group 1-52,text,true,,715,281,100,100,http://timetuna.com/,587,0,293
1710340303678,291,create account page,200,OK,Thread Group 1-98,text,true,,715,287,100,100,http://timetuna.com/signup,291,0,0
1710340303382,587,go to website,200,OK,Thread Group 1-24,text,true,,715,281,100,100,http://timetuna.com/,587,0,294
1710340303678,292,create account page,200,OK,Thread Group 1-35,text,true,,715,287,100,100,http://timetuna.com/signup,292,0,0
1710340303384,590,go to website,200,OK,Thread Group 1-50,text,true,,715,281,100,100,http://timetuna.com/,590,0,294
1710340303687,288,Back to homepage,200,OK,Thread Group 1-66,text,true,,715,281,100,100,http://timetuna.com/,288,0,0
1710340303690,294,create account page,200,OK,Thread Group 1-97,text,true,,715,287,100,100,http://timetuna.com/signup,294,0,0
1710340298334,5651,Create Account,200,OK,Thread Group 1-60,text,true,,277,441,100,100,http://20.45.152.9:5050/api/users/signup,5651,0,294
1710340303699,287,Go to calendar page,200,OK,Thread Group 1-19,text,true,,715,289,100,100,http://timetuna.com/calendar,287,0,0
1710340303698,288,Back to homepage,200,OK,Thread Group 1-61,text,true,,715,281,100,100,http://timetuna.com/,288,0,0
1710340303696,290,Back to homepage,200,OK,Thread Group 1-55,text,true,,715,281,100,100,http://timetuna.com/,290,0,0
1710340298340,5661,Create Account,200,OK,Thread Group 1-67,text,true,,277,441,100,100,http://20.45.152.9:5050/api/users/signup,5661,0,293
1710340298349,5655,Create Account,200,OK,Thread Group 1-85,text,true,,277,441,100,100,http://20.45.152.9:5050/api/users/signup,5655,0,289
1710340303727,289,create account page,200,OK,Thread Group 1-72,text,true,,715,287,100,100,http://timetuna.com/signup,289,0,0
1710340303723,294,Go to calendar page,200,OK,Thread Group 1-10,text,true,,715,289,100,100,http://timetuna.com/calendar,294,0,0
1710340303729,290,create account page,200,OK,Thread Group 1-91,text,true,,715,287,100,100,http://timetuna.com/signup,290,0,0
1710340303432,587,go to website,200,OK,Thread Group 1-30,text,true,,715,281,100,100,http://timetuna.com/,587,0,294
1710340303727,292,Go to calendar page,200,OK,Thread Group 1-20,text,true,,715,289,100,100,http://timetuna.com/calendar,292,0,0
1710340303435,589,go to website,200,OK,Thread Group 1-4,text,true,,715,281,100,100,http://timetuna.com/,589,0,294
1710340303735,289,Back to homepage,200,OK,Thread Group 1-95,text,true,,715,281,100,100,http://timetuna.com/,289,0,0
1710340303440,588,go to website,200,OK,Thread Group 1-62,text,true,,715,281,100,100,http://timetuna.com/,588,0,294
1710340303743,292,create account page,200,OK,Thread Group 1-1,text,true,,715,287,100,100,http://timetuna.com/signup,292,0,0
1710340303750,287,create account page,200,OK,Thread Group 1-89,text,true,,715,287,100,100,http://timetuna.com/signup,287,0,0
1710340303758,292,Go to calendar page,200,OK,Thread Group 1-2,text,true,,715,289,100,100,http://timetuna.com/calendar,292,0,0
1710340303770,290,Back to homepage,200,OK,Thread Group 1-58,text,true,,715,281,100,100,http://timetuna.com/,290,0,0
1710340303490,570,Post event,200,OK,Thread Group 1-18,text,true,,305,610,100,100,http://20.45.152.9:5050/api/users/createEvent,570,0,0
1710340303769,293,Go to calendar page,200,OK,Thread Group 1-96,text,true,,715,289,99,99,http://timetuna.com/calendar,293,0,0
1710340303779,288,Go to calendar page,200,OK,Thread Group 1-39,text,true,,715,289,99,99,http://timetuna.com/calendar,288,0,0
1710340303497,585,go to website,200,OK,Thread Group 1-81,text,true,,715,281,99,99,http://timetuna.com/,585,0,289
1710340303492,593,go to website,200,OK,Thread Group 1-68,text,true,,715,281,99,99,http://timetuna.com/,593,0,293
1710340303523,565,Post event,200,OK,Thread Group 1-3,text,true,,305,610,99,99,http://20.45.152.9:5050/api/users/createEvent,565,0,0
1710340303801,288,create account page,200,OK,Thread Group 1-45,text,true,,715,287,98,98,http://timetuna.com/signup,288,0,0
1710340303516,582,go to website,200,OK,Thread Group 1-48,text,true,,715,281,98,98,http://timetuna.com/,582,0,294
1710340303807,292,create account page,200,OK,Thread Group 1-44,text,true,,715,287,98,98,http://timetuna.com/signup,292,0,0
1710340303549,568,Post event,200,OK,Thread Group 1-12,text,true,,305,610,98,98,http://20.45.152.9:5050/api/users/createEvent,568,0,0
1710340303823,294,Back to homepage,200,OK,Thread Group 1-86,text,true,,715,281,98,98,http://timetuna.com/,294,0,0
1710340303831,289,Go to calendar page,200,OK,Thread Group 1-8,text,true,,715,289,97,97,http://timetuna.com/calendar,289,0,0
1710340303830,295,Back to homepage,200,OK,Thread Group 1-84,text,true,,715,281,97,97,http://timetuna.com/,295,0,0
1710340303830,295,Back to homepage,200,OK,Thread Group 1-17,text,true,,715,281,97,97,http://timetuna.com/,295,0,0
1710340303833,293,Go to calendar page,200,OK,Thread Group 1-79,text,true,,715,289,97,97,http://timetuna.com/calendar,293,0,0
1710340303836,291,Go to calendar page,200,OK,Thread Group 1-15,text,true,,715,289,97,97,http://timetuna.com/calendar,291,0,0
1710340303850,289,Go to calendar page,200,OK,Thread Group 1-51,text,true,,715,289,97,97,http://timetuna.com/calendar,289,0,0
1710340303850,295,Back to homepage,200,OK,Thread Group 1-80,text,true,,715,281,97,97,http://timetuna.com/,295,0,0
1710340303584,587,go to website,200,OK,Thread Group 1-69,text,true,,715,281,97,97,http://timetuna.com/,587,0,294
1710340303893,296,create account page,200,OK,Thread Group 1-71,text,true,,715,287,97,97,http://timetuna.com/signup,296,0,0
1710340298345,5844,Create Account,200,OK,Thread Group 1-77,text,true,,277,441,97,97,http://20.45.152.9:5050/api/users/signup,5844,0,297
1710340303903,288,Back to homepage,200,OK,Thread Group 1-78,text,true,,715,281,97,97,http://timetuna.com/,288,0,0
1710340298344,5851,Create Account,200,OK,Thread Group 1-27,text,true,,277,441,97,97,http://20.45.152.9:5050/api/users/signup,5851,0,298
1710340298357,5851,Create Account,200,OK,Thread Group 1-32,text,true,,277,441,97,97,http://20.45.152.9:5050/api/users/signup,5851,0,291
1710340298303,5907,Create Account,200,OK,Thread Group 1-23,text,true,,277,441,97,97,http://20.45.152.9:5050/api/users/signup,5907,0,306
1710340303926,293,Go to calendar page,200,OK,Thread Group 1-49,text,true,,715,289,97,97,http://timetuna.com/calendar,293,0,0
1710340303646,578,go to website,200,OK,Thread Group 1-94,text,true,,715,281,97,97,http://timetuna.com/,578,0,289
1710340303940,287,create account page,200,OK,Thread Group 1-13,text,true,,715,287,97,97,http://timetuna.com/signup,287,0,0
1710340303654,583,go to website,200,OK,Thread Group 1-37,text,true,,715,281,97,97,http://timetuna.com/,583,0,292
1710340303950,289,create account page,200,OK,Thread Group 1-25,text,true,,715,287,97,97,http://timetuna.com/signup,289,0,0
1710340303656,586,go to website,200,OK,Thread Group 1-7,text,true,,715,281,97,97,http://timetuna.com/,586,0,293
1710340303663,580,go to website,200,OK,Thread Group 1-75,text,true,,715,281,97,97,http://timetuna.com/,580,0,290
1710340303961,294,create account page,200,OK,Thread Group 1-52,text,true,,715,287,97,97,http://timetuna.com/signup,294,0,0
1710340303969,292,Back to homepage,200,OK,Thread Group 1-98,text,true,,715,281,97,97,http://timetuna.com/,292,0,0
1710340298358,5903,Create Account,200,OK,Thread Group 1-34,text,true,,277,441,97,97,http://20.45.152.9:5050/api/users/signup,5903,0,293
1710340303970,293,Back to homepage,200,OK,Thread Group 1-35,text,true,,715,281,97,97,http://timetuna.com/,293,0,0
1710340303975,289,Go to calendar page,200,OK,Thread Group 1-66,text,true,,715,289,97,97,http://timetuna.com/calendar,289,0,0
1710340303970,294,create account page,200,OK,Thread Group 1-24,text,true,,715,287,97,97,http://timetuna.com/signup,294,0,0
1710340303684,587,go to website,200,OK,Thread Group 1-65,text,true,,715,281,97,97,http://timetuna.com/,587,0,294
1710340303974,295,create account page,200,OK,Thread Group 1-50,text,true,,715,287,97,97,http://timetuna.com/signup,295,0,0
1710340303986,290,Go to calendar page,200,OK,Thread Group 1-61,text,true,,715,289,97,97,http://timetuna.com/calendar,290,0,0
1710340303987,291,Go to calendar page,200,OK,Thread Group 1-55,text,true,,715,289,97,97,http://timetuna.com/calendar,291,0,0
1710340303985,293,Back to homepage,200,OK,Thread Group 1-97,text,true,,715,281,97,97,http://timetuna.com/,293,0,0
1710340298313,5965,Create Account,200,OK,Thread Group 1-31,text,true,,277,441,97,97,http://20.45.152.9:5050/api/users/signup,5965,0,299
1710340298360,5927,Create Account,200,OK,Thread Group 1-90,text,true,,277,441,97,97,http://20.45.152.9:5050/api/users/signup,5926,0,293
1710340303711,578,go to website,200,OK,Thread Group 1-14,text,true,,715,281,97,97,http://timetuna.com/,578,0,289
1710340303735,569,Post event,200,OK,Thread Group 1-54,text,true,,305,610,97,97,http://20.45.152.9:5050/api/users/createEvent,569,0,0
1710340304016,292,Back to homepage,200,OK,Thread Group 1-72,text,true,,715,281,96,96,http://timetuna.com/,292,0,0
1710340304019,289,Back to homepage,200,OK,Thread Group 1-91,text,true,,715,281,96,96,http://timetuna.com/,289,0,0
1710340303716,592,go to website,200,OK,Thread Group 1-11,text,true,,715,281,96,96,http://timetuna.com/,592,0,296
1710340303720,588,go to website,200,OK,Thread Group 1-82,text,true,,715,281,96,96,http://timetuna.com/,588,0,293
1710340304024,288,Go to calendar page,200,OK,Thread Group 1-95,text,true,,715,289,96,96,http://timetuna.com/calendar,288,0,0
1710340304020,294,create account page,200,OK,Thread Group 1-30,text,true,,715,287,96,96,http://timetuna.com/signup,294,0,0
1710340303751,567,Post event,200,OK,Thread Group 1-6,text,true,,305,610,96,96,http://20.45.152.9:5050/api/users/createEvent,567,0,0
1710340304024,294,create account page,200,OK,Thread Group 1-4,text,true,,715,287,96,96,http://timetuna.com/signup,294,0,0
1710340304029,294,create account page,200,OK,Thread Group 1-62,text,true,,715,287,95,95,http://timetuna.com/signup,294,0,0
1710340304037,287,Back to homepage,200,OK,Thread Group 1-89,text,true,,715,281,95,95,http://timetuna.com/,287,0,0
1710340304035,292,Back to homepage,200,OK,Thread Group 1-1,text,true,,715,281,95,95,http://timetuna.com/,291,0,0
1710340303761,577,go to website,200,OK,Thread Group 1-9,text,true,,715,281,95,95,http://timetuna.com/,577,0,289
1710340304061,290,Go to calendar page,200,OK,Thread Group 1-58,text,true,,715,289,95,95,http://timetuna.com/calendar,290,0,0
1710340303770,587,go to website,200,OK,Thread Group 1-92,text,true,,715,281,95,95,http://timetuna.com/,587,0,292
1710340303770,587,go to website,200,OK,Thread Group 1-73,text,true,,715,281,95,95,http://timetuna.com/,587,0,294
1710340304082,289,create account page,200,OK,Thread Group 1-81,text,true,,715,287,95,95,http://timetuna.com/signup,289,0,0
1710340304090,289,Back to homepage,200,OK,Thread Group 1-45,text,true,,715,281,95,95,http://timetuna.com/,289,0,0
1710340304085,294,create account page,200,OK,Thread Group 1-68,text,true,,715,287,95,95,http://timetuna.com/signup,294,0,0
1710340303817,568,Post event,200,OK,Thread Group 1-43,text,true,,305,610,95,95,http://20.45.152.9:5050/api/users/createEvent,568,0,0
1710340304099,287,create account page,200,OK,Thread Group 1-48,text,true,,715,287,94,94,http://timetuna.com/signup,287,0,0
1710340304099,293,Back to homepage,200,OK,Thread Group 1-44,text,true,,715,281,94,94,http://timetuna.com/,293,0,0
1710340304117,293,Go to calendar page,200,OK,Thread Group 1-86,text,true,,715,289,94,94,http://timetuna.com/calendar,293,0,0
1710340303850,567,Post event,200,OK,Thread Group 1-16,text,true,,305,610,94,94,http://20.45.152.9:5050/api/users/createEvent,567,0,0
1710340304125,293,Go to calendar page,200,OK,Thread Group 1-17,text,true,,715,289,93,93,http://timetuna.com/calendar,293,0,0
1710340304125,293,Go to calendar page,200,OK,Thread Group 1-84,text,true,,715,289,93,93,http://timetuna.com/calendar,293,0,0
1710340303857,580,go to website,200,OK,Thread Group 1-100,text,true,,715,281,93,93,http://timetuna.com/,580,0,290
1710340304145,294,Go to calendar page,200,OK,Thread Group 1-80,text,true,,715,289,93,93,http://timetuna.com/calendar,294,0,0
1710340303886,568,Post event,200,OK,Thread Group 1-83,text,true,,305,610,93,93,http://20.45.152.9:5050/api/users/createEvent,568,0,0
1710340298370,6093,Create Account,200,OK,Thread Group 1-38,text,true,,277,441,92,92,http://20.45.152.9:5050/api/users/signup,6093,0,293
1710340304172,293,create account page,200,OK,Thread Group 1-69,text,true,,715,287,92,92,http://timetuna.com/signup,293,0,0
1710340303884,588,go to website,200,OK,Thread Group 1-33,text,true,,715,281,92,92,http://timetuna.com/,588,0,294
1710340298377,6095,Create Account,200,OK,Thread Group 1-46,text,true,,277,441,92,92,http://20.45.152.9:5050/api/users/signup,6095,0,292
1710340304191,291,Go to calendar page,200,OK,Thread Group 1-78,text,true,,715,289,92,92,http://timetuna.com/calendar,291,0,0
1710340304190,294,Back to homepage,200,OK,Thread Group 1-71,text,true,,715,281,92,92,http://timetuna.com/,294,0,0
1710340298383,6105,Create Account,200,OK,Thread Group 1-57,text,true,,277,441,92,92,http://20.45.152.9:5050/api/users/signup,6105,0,290
1710340303908,586,go to website,200,OK,Thread Group 1-42,text,true,,715,281,92,92,http://timetuna.com/,586,0,294
1710340303913,581,go to website,200,OK,Thread Group 1-47,text,true,,715,281,92,92,http://timetuna.com/,581,0,289
1710340298380,6115,Create Account,200,OK,Thread Group 1-56,text,true,,277,441,92,92,http://20.45.152.9:5050/api/users/signup,6115,0,293
1710340303923,584,go to website,200,OK,Thread Group 1-87,text,true,,715,281,92,92,http://timetuna.com/,584,0,293
1710340304225,289,create account page,200,OK,Thread Group 1-94,text,true,,715,287,92,92,http://timetuna.com/signup,289,0,0
1710340303936,578,go to website,200,OK,Thread Group 1-53,text,true,,715,281,92,92,http://timetuna.com/,578,0,288
1710340303936,578,go to website,200,OK,Thread Group 1-59,text,true,,715,281,92,92,http://timetuna.com/,578,0,288
1710340304228,289,Back to homepage,200,OK,Thread Group 1-13,text,true,,715,281,92,92,http://timetuna.com/,289,0,0
1710340303955,566,Post event,200,OK,Thread Group 1-29,text,true,,305,610,92,92,http://20.45.152.9:5050/api/users/createEvent,566,0,0
1710340304237,291,create account page,200,OK,Thread Group 1-37,text,true,,715,287,91,91,http://timetuna.com/signup,291,0,0
1710340304239,289,Back to homepage,200,OK,Thread Group 1-25,text,true,,715,281,91,91,http://timetuna.com/,289,0,0
1710340304243,289,create account page,200,OK,Thread Group 1-75,text,true,,715,287,91,91,http://timetuna.com/signup,289,0,0
1710340298379,6154,Create Account,200,OK,Thread Group 1-41,text,true,,277,441,91,91,http://20.45.152.9:5050/api/users/signup,6154,0,295
1710340304242,293,create account page,200,OK,Thread Group 1-7,text,true,,715,287,91,91,http://timetuna.com/signup,293,0,0
1710340304261,289,Go to calendar page,200,OK,Thread Group 1-98,text,true,,715,289,91,91,http://timetuna.com/calendar,289,0,0
1710340304255,295,Back to homepage,200,OK,Thread Group 1-52,text,true,,715,281,91,91,http://timetuna.com/,295,0,0
1710340298391,6160,Create Account,200,OK,Thread Group 1-64,text,true,,277,441,91,91,http://20.45.152.9:5050/api/users/signup,6160,0,290
1710340304263,292,Go to calendar page,200,OK,Thread Group 1-35,text,true,,715,289,91,91,http://timetuna.com/calendar,292,0,0
1710340303986,569,Post event,200,OK,Thread Group 1-19,text,true,,305,610,91,91,http://20.45.152.9:5050/api/users/createEvent,569,0,0
1710340304265,294,Back to homepage,200,OK,Thread Group 1-24,text,true,,715,281,90,90,http://timetuna.com/,293,0,0
1710340298389,6171,Create Account,200,OK,Thread Group 1-63,text,true,,277,441,90,90,http://20.45.152.9:5050/api/users/signup,6171,0,291
1710340304273,293,create account page,200,OK,Thread Group 1-65,text,true,,715,287,90,90,http://timetuna.com/signup,293,0,0
1710340304273,294,Back to homepage,200,OK,Thread Group 1-50,text,true,,715,281,90,90,http://timetuna.com/,294,0,0
1710340304278,294,Go to calendar page,200,OK,Thread Group 1-97,text,true,,715,289,90,90,http://timetuna.com/calendar,294,0,0
1710340303986,587,go to website,200,OK,Thread Group 1-60,text,true,,715,281,90,90,http://timetuna.com/,587,0,294
1710340304001,574,go to website,200,OK,Thread Group 1-67,text,true,,715,281,90,90,http://timetuna.com/,574,0,288
1710340304289,289,create account page,200,OK,Thread Group 1-14,text,true,,715,287,90,90,http://timetuna.com/signup,289,0,0
1710340304017,568,Post event,200,OK,Thread Group 1-10,text,true,,305,610,90,90,http://20.45.152.9:5050/api/users/createEvent,568,0,0
1710340304020,568,Post event,200,OK,Thread Group 1-20,text,true,,305,610,89,89,http://20.45.152.9:5050/api/users/createEvent,568,0,0
1710340304005,586,go to website,200,OK,Thread Group 1-85,text,true,,715,281,88,88,http://timetuna.com/,586,0,293
1710340304309,287,Go to calendar page,200,OK,Thread Group 1-91,text,true,,715,289,88,88,http://timetuna.com/calendar,287,0,0
1710340304309,289,Go to calendar page,200,OK,Thread Group 1-72,text,true,,715,289,88,88,http://timetuna.com/calendar,289,0,0
1710340304309,295,create account page,200,OK,Thread Group 1-11,text,true,,715,287,88,88,http://timetuna.com/signup,295,0,0
1710340304309,295,create account page,200,OK,Thread Group 1-82,text,true,,715,287,88,88,http://timetuna.com/signup,295,0,0
1710340304314,293,Back to homepage,200,OK,Thread Group 1-30,text,true,,715,281,88,88,http://timetuna.com/,293,0,0
1710340304318,295,Back to homepage,200,OK,Thread Group 1-4,text,true,,715,281,88,88,http://timetuna.com/,295,0,0
1710340304325,288,Go to calendar page,200,OK,Thread Group 1-89,text,true,,715,289,88,88,http://timetuna.com/calendar,288,0,0
1710340304323,297,Back to homepage,200,OK,Thread Group 1-62,text,true,,715,281,88,88,http://timetuna.com/,297,0,0
1710340304327,293,Go to calendar page,200,OK,Thread Group 1-1,text,true,,715,289,88,88,http://timetuna.com/calendar,293,0,0
1710340304050,570,Post event,200,OK,Thread Group 1-2,text,true,,305,610,88,88,http://20.45.152.9:5050/api/users/createEvent,570,0,0
1710340304062,562,Post event,200,OK,Thread Group 1-96,text,true,,305,610,87,87,http://20.45.152.9:5050/api/users/createEvent,562,0,0
1710340304339,290,create account page,200,OK,Thread Group 1-9,text,true,,715,287,86,86,http://timetuna.com/signup,290,0,0
1710340304068,569,Post event,200,OK,Thread Group 1-39,text,true,,305,610,86,86,http://20.45.152.9:5050/api/users/createEvent,569,0,0
1710340304357,295,create account page,200,OK,Thread Group 1-92,text,true,,715,287,85,85,http://timetuna.com/signup,295,0,0
1710340304357,295,create account page,200,OK,Thread Group 1-73,text,true,,715,287,85,85,http://timetuna.com/signup,295,0,0
1710340304372,288,Back to homepage,200,OK,Thread Group 1-81,text,true,,715,281,85,85,http://timetuna.com/,288,0,0
1710340304380,289,Go to calendar page,200,OK,Thread Group 1-45,text,true,,715,289,85,85,http://timetuna.com/calendar,289,0,0
1710340304380,293,Back to homepage,200,OK,Thread Group 1-68,text,true,,715,281,85,85,http://timetuna.com/,293,0,0
1710340304387,290,Back to homepage,200,OK,Thread Group 1-48,text,true,,715,281,85,85,http://timetuna.com/,290,0,0
1710340304392,296,Go to calendar page,200,OK,Thread Group 1-44,text,true,,715,289,85,85,http://timetuna.com/calendar,296,0,0
1710340304121,568,Post event,200,OK,Thread Group 1-8,text,true,,305,610,85,85,http://20.45.152.9:5050/api/users/createEvent,567,0,0
1710340304126,566,Post event,200,OK,Thread Group 1-79,text,true,,305,610,84,84,http://20.45.152.9:5050/api/users/createEvent,566,0,0
1710340304128,569,Post event,200,OK,Thread Group 1-15,text,true,,305,610,83,83,http://20.45.152.9:5050/api/users/createEvent,569,0,0
1710340304139,562,Post event,200,OK,Thread Group 1-51,text,true,,305,610,82,82,http://20.45.152.9:5050/api/users/createEvent,562,0,0
1710340304438,289,create account page,200,OK,Thread Group 1-100,text,true,,715,287,81,81,http://timetuna.com/signup,289,0,0
1710340298399,6333,Create Account,200,OK,Thread Group 1-76,text,true,,277,441,81,81,http://20.45.152.9:5050/api/users/signup,6333,0,288
1710340298405,6339,Create Account,200,OK,Thread Group 1-93,text,true,,277,441,81,81,http://20.45.152.9:5050/api/users/signup,6339,0,292
1710340304466,292,Back to homepage,200,OK,Thread Group 1-69,text,true,,715,281,81,81,http://timetuna.com/,292,0,0
1710340298396,6366,Create Account,200,OK,Thread Group 1-74,text,true,,277,441,81,81,http://20.45.152.9:5050/api/users/signup,6366,0,300
1710340304472,292,create account page,200,OK,Thread Group 1-33,text,true,,715,287,81,81,http://timetuna.com/signup,292,0,0
1710340298396,6372,Create Account,200,OK,Thread Group 1-70,text,true,,277,441,81,81,http://20.45.152.9:5050/api/users/signup,6372,0,300
1710340304190,588,go to website,200,OK,Thread Group 1-77,text,true,,715,281,81,81,http://timetuna.com/,588,0,293
1710340304484,296,Go to calendar page,200,OK,Thread Group 1-71,text,true,,715,289,81,81,http://timetuna.com/calendar,296,0,0
1710340304196,589,go to website,200,OK,Thread Group 1-27,text,true,,715,281,81,81,http://timetuna.com/,589,0,293
1710340304495,291,create account page,200,OK,Thread Group 1-47,text,true,,715,287,81,81,http://timetuna.com/signup,291,0,0
1710340304495,293,create account page,200,OK,Thread Group 1-42,text,true,,715,287,81,81,http://timetuna.com/signup,293,0,0
1710340304220,576,Post event,200,OK,Thread Group 1-49,text,true,,305,610,81,81,http://20.45.152.9:5050/api/users/createEvent,576,0,0
1710340304211,585,go to website,200,OK,Thread Group 1-23,text,true,,715,281,81,81,http://timetuna.com/,585,0,291
1710340304209,594,go to website,200,OK,Thread Group 1-32,text,true,,715,281,80,80,http://timetuna.com/,594,0,294
1710340304514,290,create account page,200,OK,Thread Group 1-59,text,true,,715,287,80,80,http://timetuna.com/signup,290,0,0
1710340304508,296,create account page,200,OK,Thread Group 1-87,text,true,,715,287,80,80,http://timetuna.com/signup,296,0,0
1710340304514,292,create account page,200,OK,Thread Group 1-53,text,true,,715,287,80,80,http://timetuna.com/signup,292,0,0
1710340298415,6391,Create Account,200,OK,Thread Group 1-22,text,true,,277,441,80,80,http://20.45.152.9:5050/api/users/signup,6391,0,289
1710340304514,292,Back to homepage,200,OK,Thread Group 1-94,text,true,,715,281,80,80,http://timetuna.com/,292,0,0
1710340304518,295,Go to calendar page,200,OK,Thread Group 1-13,text,true,,715,289,80,80,http://timetuna.com/calendar,295,0,0
1710340304529,289,Go to calendar page,200,OK,Thread Group 1-25,text,true,,715,289,80,80,http://timetuna.com/calendar,289,0,0
1710340304529,292,Back to homepage,200,OK,Thread Group 1-37,text,true,,715,281,80,80,http://timetuna.com/,292,0,0
1710340304533,293,Back to homepage,200,OK,Thread Group 1-75,text,true,,715,281,80,80,http://timetuna.com/,293,0,0
1710340304535,294,Back to homepage,200,OK,Thread Group 1-7,text,true,,715,281,80,80,http://timetuna.com/,294,0,0
1710340298410,6422,Create Account,200,OK,Thread Group 1-99,text,true,,277,441,80,80,http://20.45.152.9:5050/api/users/signup,6422,0,298
1710340298414,6427,Create Account,200,OK,Thread Group 1-21,text,true,,277,441,80,80,http://20.45.152.9:5050/api/users/signup,6427,0,294
1710340304265,577,Post event,200,OK,Thread Group 1-66,text,true,,305,610,80,80,http://20.45.152.9:5050/api/users/createEvent,577,0,0
1710340304262,580,go to website,200,OK,Thread Group 1-34,text,true,,715,281,80,80,http://timetuna.com/,580,0,289
1710340304550,295,Go to calendar page,200,OK,Thread Group 1-52,text,true,,715,289,79,79,http://timetuna.com/calendar,295,0,0
1710340304278,570,Post event,200,OK,Thread Group 1-55,text,true,,305,610,79,79,http://20.45.152.9:5050/api/users/createEvent,570,0,0
1710340304277,571,Post event,200,OK,Thread Group 1-61,text,true,,305,610,79,79,http://20.45.152.9:5050/api/users/createEvent,571,0,0
1710340304559,299,Go to calendar page,200,OK,Thread Group 1-24,text,true,,715,289,77,77,http://timetuna.com/calendar,299,0,0
1710340304567,292,Back to homepage,200,OK,Thread Group 1-65,text,true,,715,281,77,77,http://timetuna.com/,292,0,0
1710340304567,294,Go to calendar page,200,OK,Thread Group 1-50,text,true,,715,289,77,77,http://timetuna.com/calendar,294,0,0
1710340304576,286,create account page,200,OK,Thread Group 1-67,text,true,,715,287,77,77,http://timetuna.com/signup,286,0,0
1710340304279,588,go to website,200,OK,Thread Group 1-31,text,true,,715,281,77,77,http://timetuna.com/,588,0,293
1710340304573,296,create account page,200,OK,Thread Group 1-60,text,true,,715,287,77,77,http://timetuna.com/signup,296,0,0
1710340304287,591,go to website,200,OK,Thread Group 1-90,text,true,,715,281,77,77,http://timetuna.com/,591,0,293
1710340304578,300,Back to homepage,200,OK,Thread Group 1-14,text,true,,715,281,77,77,http://timetuna.com/,300,0,0
1710340304313,567,Post event,200,OK,Thread Group 1-95,text,true,,305,610,77,77,http://20.45.152.9:5050/api/users/createEvent,567,0,0
1710340304592,302,create account page,200,OK,Thread Group 1-85,text,true,,715,287,76,76,http://timetuna.com/signup,302,0,0
1710340304605,295,Back to homepage,200,OK,Thread Group 1-82,text,true,,715,281,76,76,http://timetuna.com/,295,0,0
1710340304605,295,Back to homepage,200,OK,Thread Group 1-11,text,true,,715,281,76,76,http://timetuna.com/,295,0,0
1710340304607,298,Go to calendar page,200,OK,Thread Group 1-30,text,true,,715,289,76,76,http://timetuna.com/calendar,298,0,0
1710340304613,298,Go to calendar page,200,OK,Thread Group 1-4,text,true,,715,289,76,76,http://timetuna.com/calendar,298,0,0
1710340304621,294,Go to calendar page,200,OK,Thread Group 1-62,text,true,,715,289,76,76,http://timetuna.com/calendar,294,0,0
1710340304629,290,Back to homepage,200,OK,Thread Group 1-9,text,true,,715,281,76,76,http://timetuna.com/,290,0,0
1710340304351,571,Post event,200,OK,Thread Group 1-58,text,true,,305,610,76,76,http://20.45.152.9:5050/api/users/createEvent,571,0,0
1710340304652,294,Back to homepage,200,OK,Thread Group 1-92,text,true,,715,281,75,75,http://timetuna.com/,294,0,0
1710340304652,295,Back to homepage,200,OK,Thread Group 1-73,text,true,,715,281,75,75,http://timetuna.com/,295,0,0
1710340304661,290,Go to calendar page,200,OK,Thread Group 1-81,text,true,,715,289,75,75,http://timetuna.com/calendar,290,0,0
1710340304677,289,Go to calendar page,200,OK,Thread Group 1-48,text,true,,715,289,75,75,http://timetuna.com/calendar,289,0,0
1710340304673,293,Go to calendar page,200,OK,Thread Group 1-68,text,true,,715,289,75,75,http://timetuna.com/calendar,293,0,0
1710340304410,564,Post event,200,OK,Thread Group 1-86,text,true,,305,610,75,75,http://20.45.152.9:5050/api/users/createEvent,564,0,0
1710340304419,574,Post event,200,OK,Thread Group 1-84,text,true,,305,610,74,74,http://20.45.152.9:5050/api/users/createEvent,574,0,0
1710340304419,574,Post event,200,OK,Thread Group 1-17,text,true,,305,610,74,74,http://20.45.152.9:5050/api/users/createEvent,574,0,0
1710340298400,6603,Create Account,200,OK,Thread Group 1-28,text,true,,277,441,72,72,http://20.45.152.9:5050/api/users/signup,6603,0,296
1710340298348,6662,Create Account,200,OK,Thread Group 1-26,text,true,,277,441,72,72,http://20.45.152.9:5050/api/users/signup,6662,0,300
1710340304439,571,Post event,200,OK,Thread Group 1-80,text,true,,305,610,72,72,http://20.45.152.9:5050/api/users/createEvent,571,0,0
1710340304727,289,Back to homepage,200,OK,Thread Group 1-100,text,true,,715,281,71,71,http://timetuna.com/,289,0,0
1710340298367,6655,Create Account,200,OK,Thread Group 1-40,text,true,,277,441,71,71,http://20.45.152.9:5050/api/users/signup,6655,0,287
1710340298294,6730,Create Account,200,OK,Thread Group 1-5,text,true,,277,441,71,71,http://20.45.152.9:5050/api/users/signup,6730,0,294
1710340304464,578,go to website,200,OK,Thread Group 1-38,text,true,,715,281,71,71,http://timetuna.com/,578,0,289
1710340304482,568,Post event,200,OK,Thread Group 1-78,text,true,,305,610,71,71,http://20.45.152.9:5050/api/users/createEvent,568,0,0
1710340304759,292,Go to calendar page,200,OK,Thread Group 1-69,text,true,,715,289,71,71,http://timetuna.com/calendar,292,0,0
1710340304472,579,go to website,200,OK,Thread Group 1-46,text,true,,715,281,71,71,http://timetuna.com/,579,0,290
1710340304764,297,Back to homepage,200,OK,Thread Group 1-33,text,true,,715,281,70,70,http://timetuna.com/,297,0,0
1710340304489,579,go to website,200,OK,Thread Group 1-57,text,true,,715,281,70,70,http://timetuna.com/,579,0,290
1710340304778,296,create account page,200,OK,Thread Group 1-77,text,true,,715,287,70,70,http://timetuna.com/signup,296,0,0
1710340304786,297,Back to homepage,200,OK,Thread Group 1-47,text,true,,715,281,70,70,http://timetuna.com/,297,0,0
1710340304786,297,create account page,200,OK,Thread Group 1-27,text,true,,715,287,70,70,http://timetuna.com/signup,297,0,0
1710340304496,587,go to website,200,OK,Thread Group 1-56,text,true,,715,281,70,70,http://timetuna.com/,587,0,289
1710340304788,302,Back to homepage,200,OK,Thread Group 1-42,text,true,,715,281,70,70,http://timetuna.com/,302,0,0
1710340304797,298,create account page,200,OK,Thread Group 1-23,text,true,,715,287,70,70,http://timetuna.com/signup,298,0,0
1710340304806,291,Go to calendar page,200,OK,Thread Group 1-94,text,true,,715,289,70,70,http://timetuna.com/calendar,291,0,0
1710340304806,291,Back to homepage,200,OK,Thread Group 1-53,text,true,,715,281,70,70,http://timetuna.com/,291,0,0
1710340304805,293,Back to homepage,200,OK,Thread Group 1-59,text,true,,715,281,70,70,http://timetuna.com/,293,0,0
1710340304805,304,Back to homepage,200,OK,Thread Group 1-87,text,true,,715,281,70,70,http://timetuna.com/,304,0,0
1710340304803,306,create account page,200,OK,Thread Group 1-32,text,true,,715,287,70,70,http://timetuna.com/signup,306,0,0
1710340304534,577,go to website,200,OK,Thread Group 1-41,text,true,,715,281,70,70,http://timetuna.com/,577,0,287
1710340304821,296,Go to calendar page,200,OK,Thread Group 1-37,text,true,,715,289,70,70,http://timetuna.com/calendar,296,0,0
1710340298315,6802,Create Account,200,OK,Thread Group 1-36,text,true,,277,441,70,70,http://20.45.152.9:5050/api/users/signup,6802,0,298
1710340304826,291,Go to calendar page,200,OK,Thread Group 1-75,text,true,,715,289,70,70,http://timetuna.com/calendar,291,0,0
1710340304555,565,Post event,200,OK,Thread Group 1-35,text,true,,305,610,70,70,http://20.45.152.9:5050/api/users/createEvent,565,0,0
1710340304550,572,Post event,200,OK,Thread Group 1-98,text,true,,305,610,69,69,http://20.45.152.9:5050/api/users/createEvent,572,0,0
1710340304830,300,Go to calendar page,200,OK,Thread Group 1-7,text,true,,715,289,68,68,http://timetuna.com/calendar,300,0,0
1710340304842,290,create account page,200,OK,Thread Group 1-34,text,true,,715,287,68,68,http://timetuna.com/signup,290,0,0
1710340304573,568,Post event,200,OK,Thread Group 1-97,text,true,,305,610,68,68,http://20.45.152.9:5050/api/users/createEvent,567,0,0
1710340304552,597,go to website,200,OK,Thread Group 1-64,text,true,,715,281,67,67,http://timetuna.com/,597,0,293
1710340304561,588,go to website,200,OK,Thread Group 1-63,text,true,,715,281,67,67,http://timetuna.com/,588,0,296
1710340304859,294,Go to calendar page,200,OK,Thread Group 1-65,text,true,,715,289,67,67,http://timetuna.com/calendar,294,0,0
1710340304863,298,Back to homepage,200,OK,Thread Group 1-67,text,true,,715,281,67,67,http://timetuna.com/,298,0,0
1710340304867,303,create account page,200,OK,Thread Group 1-31,text,true,,715,287,67,67,http://timetuna.com/signup,303,0,0
1710340304869,301,Back to homepage,200,OK,Thread Group 1-60,text,true,,715,281,67,67,http://timetuna.com/,301,0,0
1710340304878,292,Go to calendar page,200,OK,Thread Group 1-14,text,true,,715,289,67,67,http://timetuna.com/calendar,292,0,0
1710340298402,6768,Create Account,200,OK,Thread Group 1-88,text,true,,277,441,67,67,http://20.45.152.9:5050/api/users/signup,6768,0,294
1710340304598,572,Post event,200,OK,Thread Group 1-72,text,true,,305,610,67,67,http://20.45.152.9:5050/api/users/createEvent,572,0,0
1710340304878,292,create account page,200,OK,Thread Group 1-90,text,true,,715,287,67,67,http://timetuna.com/signup,292,0,0
1710340304596,580,Post event,200,OK,Thread Group 1-91,text,true,,305,610,66,66,http://20.45.152.9:5050/api/users/createEvent,580,0,0
1710340304613,570,Post event,200,OK,Thread Group 1-89,text,true,,305,610,65,65,http://20.45.152.9:5050/api/users/createEvent,570,0,0
1710340304621,566,Post event,200,OK,Thread Group 1-1,text,true,,305,610,64,64,http://20.45.152.9:5050/api/users/createEvent,566,0,0
1710340304894,294,Back to homepage,200,OK,Thread Group 1-85,text,true,,715,281,63,63,http://timetuna.com/,294,0,0
1710340304901,298,Go to calendar page,200,OK,Thread Group 1-11,text,true,,715,289,63,63,http://timetuna.com/calendar,298,0,0
1710340304901,302,Go to calendar page,200,OK,Thread Group 1-82,text,true,,715,289,63,63,http://timetuna.com/calendar,302,0,0
1710340304920,290,Go to calendar page,200,OK,Thread Group 1-9,text,true,,715,289,63,63,http://timetuna.com/calendar,290,0,0
1710340304669,570,Post event,200,OK,Thread Group 1-45,text,true,,305,610,63,63,http://20.45.152.9:5050/api/users/createEvent,570,0,0
1710340304947,293,Go to calendar page,200,OK,Thread Group 1-92,text,true,,715,289,63,63,http://timetuna.com/calendar,293,0,0
1710340304947,299,Go to calendar page,200,OK,Thread Group 1-73,text,true,,715,289,62,62,http://timetuna.com/calendar,299,0,0
1710340304688,571,Post event,200,OK,Thread Group 1-44,text,true,,305,610,62,62,http://20.45.152.9:5050/api/users/createEvent,571,0,0
1710340305017,298,Go to calendar page,200,OK,Thread Group 1-100,text,true,,715,289,61,61,http://timetuna.com/calendar,298,0,0
1710340304732,583,go to website,200,OK,Thread Group 1-76,text,true,,715,281,61,61,http://timetuna.com/,583,0,288
1710340304745,585,go to website,200,OK,Thread Group 1-93,text,true,,715,281,61,61,http://timetuna.com/,585,0,292
1710340305042,295,create account page,200,OK,Thread Group 1-38,text,true,,715,287,61,61,http://timetuna.com/signup,295,0,0
1710340304763,577,go to website,200,OK,Thread Group 1-74,text,true,,715,281,61,61,http://timetuna.com/,577,0,287
1710340305051,296,create account page,200,OK,Thread Group 1-46,text,true,,715,287,61,61,http://timetuna.com/signup,295,0,0
1710340304780,567,Post event,200,OK,Thread Group 1-71,text,true,,305,610,61,61,http://20.45.152.9:5050/api/users/createEvent,567,0,0
1710340305061,295,Go to calendar page,200,OK,Thread Group 1-33,text,true,,715,289,60,60,http://timetuna.com/calendar,295,0,0
1710340305068,289,create account page,200,OK,Thread Group 1-57,text,true,,715,287,60,60,http://timetuna.com/signup,289,0,0
1710340304778,596,go to website,200,OK,Thread Group 1-70,text,true,,715,281,60,60,http://timetuna.com/,596,0,296
1710340305074,300,Back to homepage,200,OK,Thread Group 1-77,text,true,,715,281,60,60,http://timetuna.com/,300,0,0
1710340305083,292,create account page,200,OK,Thread Group 1-56,text,true,,715,287,60,60,http://timetuna.com/signup,292,0,0
1710340305083,297,Go to calendar page,200,OK,Thread Group 1-47,text,true,,715,289,60,60,http://timetuna.com/calendar,297,0,0
1710340305083,299,Back to homepage,200,OK,Thread Group 1-27,text,true,,715,281,60,60,http://timetuna.com/,299,0,0
1710340305090,292,Go to calendar page,200,OK,Thread Group 1-42,text,true,,715,289,60,60,http://timetuna.com/calendar,292,0,0
1710340304819,565,Post event,200,OK,Thread Group 1-25,text,true,,305,610,60,60,http://20.45.152.9:5050/api/users/createEvent,565,0,0
1710340304813,572,Post event,200,OK,Thread Group 1-13,text,true,,305,610,59,59,http://20.45.152.9:5050/api/users/createEvent,572,0,0
1710340305098,288,Go to calendar page,200,OK,Thread Group 1-59,text,true,,715,289,58,58,http://timetuna.com/calendar,288,0,0
1710340305095,296,Back to homepage,200,OK,Thread Group 1-23,text,true,,715,281,58,58,http://timetuna.com/,296,0,0
1710340305097,295,Go to calendar page,200,OK,Thread Group 1-53,text,true,,715,289,58,58,http://timetuna.com/calendar,295,0,0
1710340304807,596,go to website,200,OK,Thread Group 1-22,text,true,,715,281,58,58,http://timetuna.com/,596,0,302
1710340305109,294,Go to calendar page,200,OK,Thread Group 1-87,text,true,,715,289,58,58,http://timetuna.com/calendar,294,0,0
1710340305111,292,create account page,200,OK,Thread Group 1-41,text,true,,715,287,58,58,http://timetuna.com/signup,292,0,0
1710340305109,295,Back to homepage,200,OK,Thread Group 1-32,text,true,,715,281,58,58,http://timetuna.com/,295,0,0
1710340305132,291,Back to homepage,200,OK,Thread Group 1-34,text,true,,715,281,58,58,http://timetuna.com/,291,0,0
1710340304845,579,Post event,200,OK,Thread Group 1-52,text,true,,305,610,58,58,http://20.45.152.9:5050/api/users/createEvent,579,0,0
1710340304832,593,go to website,200,OK,Thread Group 1-99,text,true,,715,281,57,57,http://timetuna.com/,593,0,300
1710340304841,587,go to website,200,OK,Thread Group 1-21,text,true,,715,281,57,57,http://timetuna.com/,586,0,294
1710340304858,581,Post event,200,OK,Thread Group 1-24,text,true,,305,610,57,57,http://20.45.152.9:5050/api/users/createEvent,581,0,0
1710340304861,581,Post event,200,OK,Thread Group 1-50,text,true,,305,610,56,56,http://20.45.152.9:5050/api/users/createEvent,581,0,0
1710340305149,293,create account page,200,OK,Thread Group 1-63,text,true,,715,287,56,56,http://timetuna.com/signup,293,0,0
1710340305149,293,create account page,200,OK,Thread Group 1-64,text,true,,715,287,56,56,http://timetuna.com/signup,293,0,0
1710340305162,287,Go to calendar page,200,OK,Thread Group 1-67,text,true,,715,289,55,55,http://timetuna.com/calendar,287,0,0
1710340305170,293,Back to homepage,200,OK,Thread Group 1-31,text,true,,715,281,55,55,http://timetuna.com/,293,0,0
1710340305170,293,Back to homepage,200,OK,Thread Group 1-90,text,true,,715,281,55,55,http://timetuna.com/,293,0,0
1710340305170,294,Go to calendar page,200,OK,Thread Group 1-60,text,true,,715,289,55,55,http://timetuna.com/calendar,294,0,0
1710340304911,563,Post event,200,OK,Thread Group 1-4,text,true,,305,610,55,55,http://20.45.152.9:5050/api/users/createEvent,563,0,0
1710340304905,569,Post event,200,OK,Thread Group 1-30,text,true,,305,610,55,55,http://20.45.152.9:5050/api/users/createEvent,569,0,0
1710340305188,293,Go to calendar page,200,OK,Thread Group 1-85,text,true,,715,289,53,53,http://timetuna.com/calendar,293,0,0
1710340304916,578,Post event,200,OK,Thread Group 1-62,text,true,,305,610,53,53,http://20.45.152.9:5050/api/users/createEvent,578,0,0
1710340304951,571,Post event,200,OK,Thread Group 1-81,text,true,,305,610,52,52,http://20.45.152.9:5050/api/users/createEvent,571,0,0
1710340304966,567,Post event,200,OK,Thread Group 1-48,text,true,,305,610,51,51,http://20.45.152.9:5050/api/users/createEvent,567,0,0
1710340304966,568,Post event,200,OK,Thread Group 1-68,text,true,,305,610,50,50,http://20.45.152.9:5050/api/users/createEvent,568,0,0
1710340305004,590,go to website,200,OK,Thread Group 1-28,text,true,,715,281,49,49,http://timetuna.com/,590,0,300
1710340305315,288,create account page,200,OK,Thread Group 1-76,text,true,,715,287,49,49,http://timetuna.com/signup,288,0,0
1710340305022,586,go to website,200,OK,Thread Group 1-40,text,true,,715,281,49,49,http://timetuna.com/,586,0,293
1710340305011,598,go to website,200,OK,Thread Group 1-26,text,true,,715,281,49,49,http://timetuna.com/,598,0,304
1710340305024,586,go to website,200,OK,Thread Group 1-5,text,true,,715,281,49,49,http://timetuna.com/,586,0,294
1710340305051,571,Post event,200,OK,Thread Group 1-69,text,true,,305,610,49,49,http://20.45.152.9:5050/api/users/createEvent,571,0,0
1710340305337,289,Back to homepage,200,OK,Thread Group 1-38,text,true,,715,281,48,48,http://timetuna.com/,289,0,0
1710340305330,301,create account page,200,OK,Thread Group 1-93,text,true,,715,287,48,48,http://timetuna.com/signup,301,0,0
1710340305340,291,create account page,200,OK,Thread Group 1-74,text,true,,715,287,48,48,http://timetuna.com/signup,291,0,0
1710340305347,289,Back to homepage,200,OK,Thread Group 1-46,text,true,,715,281,48,48,http://timetuna.com/,289,0,0
1710340305357,288,Back to homepage,200,OK,Thread Group 1-57,text,true,,715,281,48,48,http://timetuna.com/,288,0,0
1710340305097,566,Post event,200,OK,Thread Group 1-94,text,true,,305,610,48,48,http://20.45.152.9:5050/api/users/createEvent,566,0,0
1710340305375,289,Back to homepage,200,OK,Thread Group 1-56,text,true,,715,281,47,47,http://timetuna.com/,289,0,0
1710340305375,294,Go to calendar page,200,OK,Thread Group 1-77,text,true,,715,289,47,47,http://timetuna.com/calendar,294,0,0
1710340305375,294,create account page,200,OK,Thread Group 1-70,text,true,,715,287,47,47,http://timetuna.com/signup,294,0,0
1710340305382,293,Go to calendar page,200,OK,Thread Group 1-27,text,true,,715,289,47,47,http://timetuna.com/calendar,293,0,0
1710340305392,291,Go to calendar page,200,OK,Thread Group 1-23,text,true,,715,289,47,47,http://timetuna.com/calendar,291,0,0
1710340305118,565,Post event,200,OK,Thread Group 1-75,text,true,,305,610,47,47,http://20.45.152.9:5050/api/users/createEvent,565,0,0
1710340305118,571,Post event,200,OK,Thread Group 1-37,text,true,,305,610,46,46,http://20.45.152.9:5050/api/users/createEvent,571,0,0
1710340305403,287,Back to homepage,200,OK,Thread Group 1-41,text,true,,715,281,45,45,http://timetuna.com/,287,0,0
1710340305403,293,create account page,200,OK,Thread Group 1-22,text,true,,715,287,45,45,http://timetuna.com/signup,293,0,0
1710340305118,578,go to website,200,OK,Thread Group 1-36,text,true,,715,281,45,45,http://timetuna.com/,578,0,289
1710340305404,296,Go to calendar page,200,OK,Thread Group 1-32,text,true,,715,289,45,45,http://timetuna.com/calendar,296,0,0
1710340305131,570,Post event,200,OK,Thread Group 1-7,text,true,,305,610,45,45,http://20.45.152.9:5050/api/users/createEvent,570,0,0
1710340305423,289,Go to calendar page,200,OK,Thread Group 1-34,text,true,,715,289,44,44,http://timetuna.com/calendar,289,0,0
1710340305426,296,create account page,200,OK,Thread Group 1-99,text,true,,715,287,44,44,http://timetuna.com/signup,296,0,0
1710340305428,294,create account page,200,OK,Thread Group 1-21,text,true,,715,287,44,44,http://timetuna.com/signup,294,0,0
1710340305153,569,Post event,200,OK,Thread Group 1-65,text,true,,305,610,44,44,http://20.45.152.9:5050/api/users/createEvent,569,0,0
1710340305442,292,Back to homepage,200,OK,Thread Group 1-63,text,true,,715,281,43,43,http://timetuna.com/,292,0,0
1710340305442,293,Back to homepage,200,OK,Thread Group 1-64,text,true,,715,281,43,43,http://timetuna.com/,293,0,0
1710340305170,572,Post event,200,OK,Thread Group 1-14,text,true,,305,610,43,43,http://20.45.152.9:5050/api/users/createEvent,572,0,0
1710340305171,581,go to website,200,OK,Thread Group 1-88,text,true,,715,281,42,42,http://timetuna.com/,581,0,290
1710340305464,292,Go to calendar page,200,OK,Thread Group 1-90,text,true,,715,289,42,42,http://timetuna.com/calendar,292,0,0
1710340305464,293,Go to calendar page,200,OK,Thread Group 1-31,text,true,,715,289,42,42,http://timetuna.com/calendar,293,0,0
1710340305199,570,Post event,200,OK,Thread Group 1-11,text,true,,305,610,42,42,http://20.45.152.9:5050/api/users/createEvent,570,0,0
1710340305210,570,Post event,200,OK,Thread Group 1-9,text,true,,305,610,41,41,http://20.45.152.9:5050/api/users/createEvent,570,0,0
1710340305203,577,Post event,200,OK,Thread Group 1-82,text,true,,305,610,41,41,http://20.45.152.9:5050/api/users/createEvent,577,0,0
1710340305240,575,Post event,200,OK,Thread Group 1-92,text,true,,305,610,39,39,http://20.45.152.9:5050/api/users/createEvent,575,0,0
1710340305246,569,Post event,200,OK,Thread Group 1-73,text,true,,305,610,39,39,http://20.45.152.9:5050/api/users/createEvent,569,0,0
1710340305594,290,create account page,200,OK,Thread Group 1-28,text,true,,715,287,37,37,http://timetuna.com/signup,290,0,0
1710340305315,574,Post event,200,OK,Thread Group 1-100,text,true,,305,610,37,37,http://20.45.152.9:5050/api/users/createEvent,574,0,0
1710340305603,288,Back to homepage,200,OK,Thread Group 1-76,text,true,,715,281,36,36,http://timetuna.com/,288,0,0
1710340305608,292,create account page,200,OK,Thread Group 1-40,text,true,,715,287,36,36,http://timetuna.com/signup,292,0,0
1710340305611,292,create account page,200,OK,Thread Group 1-5,text,true,,715,287,36,36,http://timetuna.com/signup,292,0,0
1710340305610,293,create account page,200,OK,Thread Group 1-26,text,true,,715,287,36,36,http://timetuna.com/signup,293,0,0
1710340305626,289,Go to calendar page,200,OK,Thread Group 1-38,text,true,,715,289,36,36,http://timetuna.com/calendar,289,0,0
1710340305631,290,Back to homepage,200,OK,Thread Group 1-74,text,true,,715,281,36,36,http://timetuna.com/,290,0,0
1710340305357,569,Post event,200,OK,Thread Group 1-33,text,true,,305,610,36,36,http://20.45.152.9:5050/api/users/createEvent,569,0,0
1710340305631,295,Back to homepage,200,OK,Thread Group 1-93,text,true,,715,281,36,36,http://timetuna.com/,295,0,0
1710340305637,290,Go to calendar page,200,OK,Thread Group 1-46,text,true,,715,289,35,35,http://timetuna.com/calendar,290,0,0
1710340305646,291,Go to calendar page,200,OK,Thread Group 1-57,text,true,,715,289,35,35,http://timetuna.com/calendar,290,0,0
1710340305382,566,Post event,200,OK,Thread Group 1-42,text,true,,305,610,35,35,http://20.45.152.9:5050/api/users/createEvent,566,0,0
1710340305380,570,Post event,200,OK,Thread Group 1-47,text,true,,305,610,34,34,http://20.45.152.9:5050/api/users/createEvent,570,0,0
1710340305664,291,Go to calendar page,200,OK,Thread Group 1-56,text,true,,715,289,33,33,http://timetuna.com/calendar,291,0,0
1710340305387,568,Post event,200,OK,Thread Group 1-59,text,true,,305,610,33,33,http://20.45.152.9:5050/api/users/createEvent,568,0,0
1710340305669,293,Back to homepage,200,OK,Thread Group 1-70,text,true,,715,281,32,32,http://timetuna.com/,293,0,0
1710340305393,570,Post event,200,OK,Thread Group 1-53,text,true,,305,610,32,32,http://20.45.152.9:5050/api/users/createEvent,570,0,0
1710340305403,564,Post event,200,OK,Thread Group 1-87,text,true,,305,610,31,31,http://20.45.152.9:5050/api/users/createEvent,564,0,0
1710340305691,287,Go to calendar page,200,OK,Thread Group 1-41,text,true,,715,289,30,30,http://timetuna.com/calendar,287,0,0
1710340305696,288,create account page,200,OK,Thread Group 1-36,text,true,,715,287,30,30,http://timetuna.com/signup,288,0,0
1710340305696,292,Back to homepage,200,OK,Thread Group 1-22,text,true,,715,281,30,30,http://timetuna.com/,292,0,0
1710340305722,293,Back to homepage,200,OK,Thread Group 1-21,text,true,,715,281,30,30,http://timetuna.com/,293,0,0
1710340305722,295,Back to homepage,200,OK,Thread Group 1-99,text,true,,715,281,30,30,http://timetuna.com/,295,0,0
1710340305449,571,Post event,200,OK,Thread Group 1-67,text,true,,305,610,30,30,http://20.45.152.9:5050/api/users/createEvent,571,0,0
1710340305735,293,Go to calendar page,200,OK,Thread Group 1-63,text,true,,715,289,29,29,http://timetuna.com/calendar,293,0,0
1710340305735,300,Go to calendar page,200,OK,Thread Group 1-64,text,true,,715,289,29,29,http://timetuna.com/calendar,300,0,0
1710340305464,571,Post event,200,OK,Thread Group 1-60,text,true,,305,610,29,29,http://20.45.152.9:5050/api/users/createEvent,571,0,0
1710340305752,289,create account page,200,OK,Thread Group 1-88,text,true,,715,287,28,28,http://timetuna.com/signup,289,0,0
1710340305482,560,Post event,200,OK,Thread Group 1-85,text,true,,305,610,28,28,http://20.45.152.9:5050/api/users/createEvent,560,0,0
1710340305884,290,Back to homepage,200,OK,Thread Group 1-28,text,true,,715,281,27,27,http://timetuna.com/,290,0,0
1710340305891,287,Go to calendar page,200,OK,Thread Group 1-76,text,true,,715,289,27,27,http://timetuna.com/calendar,287,0,0
1710340305901,292,Back to homepage,200,OK,Thread Group 1-40,text,true,,715,281,27,27,http://timetuna.com/,292,0,0
1710340305904,293,Back to homepage,200,OK,Thread Group 1-26,text,true,,715,281,27,27,http://timetuna.com/,293,0,0
1710340305904,293,Back to homepage,200,OK,Thread Group 1-5,text,true,,715,281,27,27,http://timetuna.com/,293,0,0
1710340305921,287,Go to calendar page,200,OK,Thread Group 1-74,text,true,,715,289,27,27,http://timetuna.com/calendar,287,0,0
1710340305926,292,Go to calendar page,200,OK,Thread Group 1-93,text,true,,715,289,27,27,http://timetuna.com/calendar,292,0,0
1710340305669,568,Post event,200,OK,Thread Group 1-77,text,true,,305,610,27,27,http://20.45.152.9:5050/api/users/createEvent,568,0,0
1710340305676,573,Post event,200,OK,Thread Group 1-27,text,true,,305,610,26,26,http://20.45.152.9:5050/api/users/createEvent,573,0,0
1710340305683,566,Post event,200,OK,Thread Group 1-23,text,true,,305,610,26,26,http://20.45.152.9:5050/api/users/createEvent,566,0,0
1710340305962,293,Go to calendar page,200,OK,Thread Group 1-70,text,true,,715,289,24,24,http://timetuna.com/calendar,293,0,0
1710340305700,563,Post event,200,OK,Thread Group 1-32,text,true,,305,610,24,24,http://20.45.152.9:5050/api/users/createEvent,563,0,0
1710340305985,290,Back to homepage,200,OK,Thread Group 1-36,text,true,,715,281,23,23,http://timetuna.com/,290,0,0
1710340305988,293,Go to calendar page,200,OK,Thread Group 1-22,text,true,,715,289,23,23,http://timetuna.com/calendar,293,0,0
1710340305712,571,Post event,200,OK,Thread Group 1-34,text,true,,305,610,23,23,http://20.45.152.9:5050/api/users/createEvent,571,0,0
1710340306015,293,Go to calendar page,200,OK,Thread Group 1-21,text,true,,715,289,22,22,http://timetuna.com/calendar,293,0,0
1710340306018,294,Go to calendar page,200,OK,Thread Group 1-99,text,true,,715,289,22,22,http://timetuna.com/calendar,294,0,0
1710340305757,567,Post event,200,OK,Thread Group 1-31,text,true,,305,610,22,22,http://20.45.152.9:5050/api/users/createEvent,567,0,0
1710340305756,568,Post event,200,OK,Thread Group 1-90,text,true,,305,610,21,21,http://20.45.152.9:5050/api/users/createEvent,568,0,0
1710340306041,288,Back to homepage,200,OK,Thread Group 1-88,text,true,,715,281,20,20,http://timetuna.com/,288,0,0
1710340306175,300,Go to calendar page,200,OK,Thread Group 1-28,text,true,,715,289,20,20,http://timetuna.com/calendar,300,0,0
1710340306193,304,Go to calendar page,200,OK,Thread Group 1-40,text,true,,715,289,20,20,http://timetuna.com/calendar,304,0,0
1710340305979,585,Post event,200,OK,Thread Group 1-41,text,true,,305,610,20,20,http://20.45.152.9:5050/api/users/createEvent,585,0,0
1710340306275,297,Go to calendar page,200,OK,Thread Group 1-36,text,true,,715,289,19,19,http://timetuna.com/calendar,297,0,0
1710340306197,383,Go to calendar page,200,OK,Thread Group 1-26,text,true,,715,289,19,19,http://timetuna.com/calendar,383,0,0
1710340306197,383,Go to calendar page,200,OK,Thread Group 1-5,text,true,,715,289,19,19,http://timetuna.com/calendar,383,0,0
1710340305927,653,Post event,200,OK,Thread Group 1-46,text,true,,305,610,19,19,http://20.45.152.9:5050/api/users/createEvent,653,0,0
1710340305915,665,Post event,200,OK,Thread Group 1-38,text,true,,305,610,19,19,http://20.45.152.9:5050/api/users/createEvent,665,0,0
1710340305955,626,Post event,200,OK,Thread Group 1-56,text,true,,305,610,19,19,http://20.45.152.9:5050/api/users/createEvent,626,0,0
1710340306035,564,Post event,200,OK,Thread Group 1-64,text,true,,305,610,16,16,http://20.45.152.9:5050/api/users/createEvent,564,0,0
1710340306029,573,Post event,200,OK,Thread Group 1-63,text,true,,305,610,15,15,http://20.45.152.9:5050/api/users/createEvent,573,0,0
1710340306329,289,Go to calendar page,200,OK,Thread Group 1-88,text,true,,715,289,14,14,http://timetuna.com/calendar,289,0,0
1710340306178,569,Post event,200,OK,Thread Group 1-76,text,true,,305,610,14,14,http://20.45.152.9:5050/api/users/createEvent,569,0,0
1710340306208,573,Post event,200,OK,Thread Group 1-74,text,true,,305,610,13,13,http://20.45.152.9:5050/api/users/createEvent,573,0,0
1710340306218,570,Post event,200,OK,Thread Group 1-93,text,true,,305,610,12,12,http://20.45.152.9:5050/api/users/createEvent,570,0,0
1710340306255,570,Post event,200,OK,Thread Group 1-70,text,true,,305,610,11,11,http://20.45.152.9:5050/api/users/createEvent,570,0,0
1710340306281,565,Post event,200,OK,Thread Group 1-22,text,true,,305,610,10,10,http://20.45.152.9:5050/api/users/createEvent,565,0,0
1710340306313,568,Post event,200,OK,Thread Group 1-99,text,true,,305,610,9,9,http://20.45.152.9:5050/api/users/createEvent,568,0,0
1710340306308,574,Post event,200,OK,Thread Group 1-21,text,true,,305,610,8,8,http://20.45.152.9:5050/api/users/createEvent,574,0,0
1710340306498,579,Post event,200,OK,Thread Group 1-40,text,true,,305,610,7,7,http://20.45.152.9:5050/api/users/createEvent,579,0,0
1710340306475,666,Post event,200,OK,Thread Group 1-28,text,true,,305,610,6,6,http://20.45.152.9:5050/api/users/createEvent,666,0,0
1710340306572,572,Post event,200,OK,Thread Group 1-36,text,true,,305,610,5,5,http://20.45.152.9:5050/api/users/createEvent,572,0,0
1710340306580,568,Post event,200,OK,Thread Group 1-5,text,true,,305,610,4,4,http://20.45.152.9:5050/api/users/createEvent,568,0,0
1710340306580,571,Post event,200,OK,Thread Group 1-26,text,true,,305,610,3,3,http://20.45.152.9:5050/api/users/createEvent,571,0,0
1710340306618,571,Post event,200,OK,Thread Group 1-88,text,true,,305,610,2,2,http://20.45.152.9:5050/api/users/createEvent,571,0,0
1710340305937,1948,Post event,200,OK,Thread Group 1-57,text,true,,305,610,1,1,http://20.45.152.9:5050/api/users/createEvent,1948,0,0
